{"__comment":"Designed by Anhcraft with Cubik Studio - https://cubik.studio","textures":{"voxels_palette":"item/misc/medical_kit"},"elements":[{"__comment":"Voxels-D3D3D3","from":[7,2.5,4],"to":[9.5,17,12.5],"faces":{"down":{"uv":[0.96,4.96,3.04,7.04],"texture":"#voxels_palette"},"up":{"uv":[0.96,4.96,3.04,7.04],"texture":"#voxels_palette"},"north":{"uv":[0.96,4.96,3.04,7.04],"texture":"#voxels_palette"},"south":{"uv":[0.96,4.96,3.04,7.04],"texture":"#voxels_palette"},"west":{"uv":[0.96,4.96,3.04,7.04],"texture":"#voxels_palette"},"east":{"uv":[0.96,4.96,3.04,7.04],"texture":"#voxels_palette"}}},{"__comment":"Voxels-FFFFFF","from":[8.5,2,3.5],"to":[10,9,4],"faces":{"down":{"uv":[4.96,0.96,7.04,3.04],"texture":"#voxels_palette"},"up":{"uv":[4.96,0.96,7.04,3.04],"texture":"#voxels_palette"},"north":{"uv":[4.96,0.96,7.04,3.04],"texture":"#voxels_palette"},"south":{"uv":[4.96,0.96,7.04,3.04],"texture":"#voxels_palette"},"west":{"uv":[4.96,0.96,7.04,3.04],"texture":"#voxels_palette"},"east":{"uv":[4.96,0.96,7.04,3.04],"texture":"#voxels_palette"}}},{"__comment":"Voxels-FFFFFF","from":[8.5,2,4],"to":[10,2.5,7.5],"faces":{"down":{"uv":[4.96,0.96,7.04,3.04],"texture":"#voxels_palette"},"up":{"uv":[4.96,0.96,7.04,3.04],"texture":"#voxels_palette"},"north":{"uv":[4.96,0.96,7.04,3.04],"texture":"#voxels_palette"},"south":{"uv":[4.96,0.96,7.04,3.04],"texture":"#voxels_palette"},"west":{"uv":[4.96,0.96,7.04,3.04],"texture":"#voxels_palette"},"east":{"uv":[4.96,0.96,7.04,3.04],"texture":"#voxels_palette"}}},{"__comment":"Voxels-FFFFFF","from":[8.5,2,7.5],"to":[9.5,2.5,13],"faces":{"down":{"uv":[4.96,0.96,7.04,3.04],"texture":"#voxels_palette"},"up":{"uv":[4.96,0.96,7.04,3.04],"texture":"#voxels_palette"},"north":{"uv":[4.96,0.96,7.04,3.04],"texture":"#voxels_palette"},"south":{"uv":[4.96,0.96,7.04,3.04],"texture":"#voxels_palette"},"west":{"uv":[4.96,0.96,7.04,3.04],"texture":"#voxels_palette"},"east":{"uv":[4.96,0.96,7.04,3.04],"texture":"#voxels_palette"}}},{"__comment":"Voxels-FFFFFF","from":[8.5,2.5,12.5],"to":[10,9,13],"faces":{"down":{"uv":[4.96,0.96,7.04,3.04],"texture":"#voxels_palette"},"up":{"uv":[4.96,0.96,7.04,3.04],"texture":"#voxels_palette"},"north":{"uv":[4.96,0.96,7.04,3.04],"texture":"#voxels_palette"},"south":{"uv":[4.96,0.96,7.04,3.04],"texture":"#voxels_palette"},"west":{"uv":[4.96,0.96,7.04,3.04],"texture":"#voxels_palette"},"east":{"uv":[4.96,0.96,7.04,3.04],"texture":"#voxels_palette"}}},{"__comment":"Voxels-DE0000","from":[8.5,9,3.5],"to":[10,10.5,4],"faces":{"down":{"uv":[8.96,0.96,11.04,3.04],"texture":"#voxels_palette"},"up":{"uv":[8.96,0.96,11.04,3.04],"texture":"#voxels_palette"},"north":{"uv":[8.96,0.96,11.04,3.04],"texture":"#voxels_palette"},"south":{"uv":[8.96,0.96,11.04,3.04],"texture":"#voxels_palette"},"west":{"uv":[8.96,0.96,11.04,3.04],"texture":"#voxels_palette"},"east":{"uv":[8.96,0.96,11.04,3.04],"texture":"#voxels_palette"}}},{"__comment":"Voxels-DE0000","from":[8.5,9,12.5],"to":[10,10.5,13],"faces":{"down":{"uv":[8.96,0.96,11.04,3.04],"texture":"#voxels_palette"},"up":{"uv":[8.96,0.96,11.04,3.04],"texture":"#voxels_palette"},"north":{"uv":[8.96,0.96,11.04,3.04],"texture":"#voxels_palette"},"south":{"uv":[8.96,0.96,11.04,3.04],"texture":"#voxels_palette"},"west":{"uv":[8.96,0.96,11.04,3.04],"texture":"#voxels_palette"},"east":{"uv":[8.96,0.96,11.04,3.04],"texture":"#voxels_palette"}}},{"__comment":"Voxels-FFFFFF","from":[8.5,10.5,3.5],"to":[10,17.5,4],"faces":{"down":{"uv":[4.96,0.96,7.04,3.04],"texture":"#voxels_palette"},"up":{"uv":[4.96,0.96,7.04,3.04],"texture":"#voxels_palette"},"north":{"uv":[4.96,0.96,7.04,3.04],"texture":"#voxels_palette"},"south":{"uv":[4.96,0.96,7.04,3.04],"texture":"#voxels_palette"},"west":{"uv":[4.96,0.96,7.04,3.04],"texture":"#voxels_palette"},"east":{"uv":[4.96,0.96,7.04,3.04],"texture":"#voxels_palette"}}},{"__comment":"Voxels-FFFFFF","from":[8.5,10.5,12.5],"to":[10,17.5,13],"faces":{"down":{"uv":[4.96,0.96,7.04,3.04],"texture":"#voxels_palette"},"up":{"uv":[4.96,0.96,7.04,3.04],"texture":"#voxels_palette"},"north":{"uv":[4.96,0.96,7.04,3.04],"texture":"#voxels_palette"},"south":{"uv":[4.96,0.96,7.04,3.04],"texture":"#voxels_palette"},"west":{"uv":[4.96,0.96,7.04,3.04],"texture":"#voxels_palette"},"east":{"uv":[4.96,0.96,7.04,3.04],"texture":"#voxels_palette"}}},{"__comment":"Voxels-FFFFFF","from":[8.5,17,4],"to":[10,17.5,7.5],"faces":{"down":{"uv":[4.96,0.96,7.04,3.04],"texture":"#voxels_palette"},"up":{"uv":[4.96,0.96,7.04,3.04],"texture":"#voxels_palette"},"north":{"uv":[4.96,0.96,7.04,3.04],"texture":"#voxels_palette"},"south":{"uv":[4.96,0.96,7.04,3.04],"texture":"#voxels_palette"},"west":{"uv":[4.96,0.96,7.04,3.04],"texture":"#voxels_palette"},"east":{"uv":[4.96,0.96,7.04,3.04],"texture":"#voxels_palette"}}},{"__comment":"Voxels-FFFFFF","from":[8.5,17,7.5],"to":[9.5,17.5,12.5],"faces":{"down":{"uv":[4.96,0.96,7.04,3.04],"texture":"#voxels_palette"},"up":{"uv":[4.96,0.96,7.04,3.04],"texture":"#voxels_palette"},"north":{"uv":[4.96,0.96,7.04,3.04],"texture":"#voxels_palette"},"south":{"uv":[4.96,0.96,7.04,3.04],"texture":"#voxels_palette"},"west":{"uv":[4.96,0.96,7.04,3.04],"texture":"#voxels_palette"},"east":{"uv":[4.96,0.96,7.04,3.04],"texture":"#voxels_palette"}}},{"__comment":"Voxels-DE0000","from":[9.5,2,7.5],"to":[10,17.5,9],"faces":{"down":{"uv":[8.96,0.96,11.04,3.04],"texture":"#voxels_palette"},"up":{"uv":[8.96,0.96,11.04,3.04],"texture":"#voxels_palette"},"north":{"uv":[8.96,0.96,11.04,3.04],"texture":"#voxels_palette"},"south":{"uv":[8.96,0.96,11.04,3.04],"texture":"#voxels_palette"},"west":{"uv":[8.96,0.96,11.04,3.04],"texture":"#voxels_palette"},"east":{"uv":[8.96,0.96,11.04,3.04],"texture":"#voxels_palette"}}},{"__comment":"Voxels-FFFFFF","from":[9.5,2,9],"to":[10,9,12.5],"faces":{"down":{"uv":[4.96,0.96,7.04,3.04],"texture":"#voxels_palette"},"up":{"uv":[4.96,0.96,7.04,3.04],"texture":"#voxels_palette"},"north":{"uv":[4.96,0.96,7.04,3.04],"texture":"#voxels_palette"},"south":{"uv":[4.96,0.96,7.04,3.04],"texture":"#voxels_palette"},"west":{"uv":[4.96,0.96,7.04,3.04],"texture":"#voxels_palette"},"east":{"uv":[4.96,0.96,7.04,3.04],"texture":"#voxels_palette"}}},{"__comment":"Voxels-FFFFFF","from":[9.5,2,12.5],"to":[10,2.5,13],"faces":{"down":{"uv":[4.96,0.96,7.04,3.04],"texture":"#voxels_palette"},"up":{"uv":[4.96,0.96,7.04,3.04],"texture":"#voxels_palette"},"north":{"uv":[4.96,0.96,7.04,3.04],"texture":"#voxels_palette"},"south":{"uv":[4.96,0.96,7.04,3.04],"texture":"#voxels_palette"},"west":{"uv":[4.96,0.96,7.04,3.04],"texture":"#voxels_palette"},"east":{"uv":[4.96,0.96,7.04,3.04],"texture":"#voxels_palette"}}},{"__comment":"Voxels-FFFFFF","from":[9.5,2.5,4],"to":[10,9,7.5],"faces":{"down":{"uv":[4.96,0.96,7.04,3.04],"texture":"#voxels_palette"},"up":{"uv":[4.96,0.96,7.04,3.04],"texture":"#voxels_palette"},"north":{"uv":[4.96,0.96,7.04,3.04],"texture":"#voxels_palette"},"south":{"uv":[4.96,0.96,7.04,3.04],"texture":"#voxels_palette"},"west":{"uv":[4.96,0.96,7.04,3.04],"texture":"#voxels_palette"},"east":{"uv":[4.96,0.96,7.04,3.04],"texture":"#voxels_palette"}}},{"__comment":"Voxels-DE0000","from":[9.5,9,4],"to":[10,10.5,7.5],"faces":{"down":{"uv":[8.96,0.96,11.04,3.04],"texture":"#voxels_palette"},"up":{"uv":[8.96,0.96,11.04,3.04],"texture":"#voxels_palette"},"north":{"uv":[8.96,0.96,11.04,3.04],"texture":"#voxels_palette"},"south":{"uv":[8.96,0.96,11.04,3.04],"texture":"#voxels_palette"},"west":{"uv":[8.96,0.96,11.04,3.04],"texture":"#voxels_palette"},"east":{"uv":[8.96,0.96,11.04,3.04],"texture":"#voxels_palette"}}},{"__comment":"Voxels-DE0000","from":[9.5,9,9],"to":[10,10.5,12.5],"faces":{"down":{"uv":[8.96,0.96,11.04,3.04],"texture":"#voxels_palette"},"up":{"uv":[8.96,0.96,11.04,3.04],"texture":"#voxels_palette"},"north":{"uv":[8.96,0.96,11.04,3.04],"texture":"#voxels_palette"},"south":{"uv":[8.96,0.96,11.04,3.04],"texture":"#voxels_palette"},"west":{"uv":[8.96,0.96,11.04,3.04],"texture":"#voxels_palette"},"east":{"uv":[8.96,0.96,11.04,3.04],"texture":"#voxels_palette"}}},{"__comment":"Voxels-FFFFFF","from":[9.5,10.5,4],"to":[10,17,7.5],"faces":{"down":{"uv":[4.96,0.96,7.04,3.04],"texture":"#voxels_palette"},"up":{"uv":[4.96,0.96,7.04,3.04],"texture":"#voxels_palette"},"north":{"uv":[4.96,0.96,7.04,3.04],"texture":"#voxels_palette"},"south":{"uv":[4.96,0.96,7.04,3.04],"texture":"#voxels_palette"},"west":{"uv":[4.96,0.96,7.04,3.04],"texture":"#voxels_palette"},"east":{"uv":[4.96,0.96,7.04,3.04],"texture":"#voxels_palette"}}},{"__comment":"Voxels-FFFFFF","from":[9.5,10.5,9],"to":[10,17.5,12.5],"faces":{"down":{"uv":[4.96,0.96,7.04,3.04],"texture":"#voxels_palette"},"up":{"uv":[4.96,0.96,7.04,3.04],"texture":"#voxels_palette"},"north":{"uv":[4.96,0.96,7.04,3.04],"texture":"#voxels_palette"},"south":{"uv":[4.96,0.96,7.04,3.04],"texture":"#voxels_palette"},"west":{"uv":[4.96,0.96,7.04,3.04],"texture":"#voxels_palette"},"east":{"uv":[4.96,0.96,7.04,3.04],"texture":"#voxels_palette"}}}],"display":{"thirdperson_righthand":{"scale":[0.5,0.5,0.5]},"thirdperson_lefthand":{"rotation":[0,180,0],"scale":[0.5,0.5,0.5]},"firstperson_righthand":{"rotation":[17,-150,0],"translation":[0,3,2.0869],"scale":[0.25,0.25,0.25]},"firstperson_lefthand":{"rotation":[17,2,0],"translation":[0,3,2.0869],"scale":[0.25,0.25,0.25]},"gui":{"rotation":[0,-90,0],"translation":[0,-0.75,0],"scale":[0.75,0.75,0.75]},"fixed":{"rotation":[0,90,0],"translation":[0,-1,0]}}}