{
	"parent": "item/handheld",
	"textures": {
		"layer0": "item/diamond_axe"
	},
	"overrides": [
		{ "predicate": {"damaged": 0, "damage": 0}, "model": "item/diamond_axe"},
		{ "_cmd_": "give @p minecraft:diamond_axe 1 1 {Unbreakable:1}", "predicate": {"damaged": 0, "damage": 0.00064061499}, "model": "item/guns/ak_47"},
		{ "_cmd_": "give @p minecraft:diamond_axe 1 2 {Unbreakable:1}" , "predicate": {"damaged": 0, "damage": 0.00128122998}, "model": "item/guns/de"},
		{ "_cmd_": "give @p minecraft:diamond_axe 1 3 {Unbreakable:1}" , "predicate": {"damaged": 0, "damage": 0.00192184497}, "model": "item/guns/awm"},
		{ "predicate": {"damaged": 1, "damage": 0}, "model": "item/diamond_axe"}
	]
}
